episode,step,r,c,has_key,phase,action,reward,next_r,next_c,next_has_key,next_phase,events,q_before,max_next_q,td_target,td_error,q_after,alpha,gamma,epsilon
2500,1,0,1,0,0,2,-6.0,0,1,0,1,wall_hit,-14.021081,-15.295502,-20.530727,-6.509646,-14.672045,0.1,0.95,0.1538
2500,2,0,1,0,1,2,-1.0,0,0,0,2,move,-15.295502,-13.292385,-13.627766,1.667737,-15.128728,0.1,0.95,0.1538
2500,3,0,0,0,2,1,-1.0,1,0,0,3,move,-13.292385,-10.527451,-11.001078,2.291307,-13.063254,0.1,0.95,0.1538
2500,4,1,0,0,3,1,-1.0,2,0,0,4,move,-10.527451,-8.282572,-8.868443,1.659008,-10.36155,0.1,0.95,0.1538
2500,5,2,0,0,4,1,-1.0,3,0,0,5,move,-8.282572,-7.756107,-8.368302,-0.08573,-8.291145,0.1,0.95,0.1538
2500,6,3,0,0,5,3,-11.0,3,1,0,0,penalty_cell,-18.395323,-5.090867,-15.836324,2.558999,-18.139423,0.1,0.95,0.1538
2500,7,3,1,0,0,1,-1.0,4,1,0,1,move,-5.090867,-0.937778,-1.890889,3.199978,-4.770869,0.1,0.95,0.1538
2500,8,4,1,0,1,1,-1.0,5,1,0,2,move,-0.937778,2.778599,1.639669,2.577447,-0.680033,0.1,0.95,0.1538
2500,9,5,1,0,2,3,-1.0,4,1,0,3,move,2.778599,-2.638587,-3.506657,-6.285256,2.150073,0.1,0.95,0.1538
2500,10,4,1,0,3,1,-1.0,4,2,0,4,move,-2.638587,-1.425382,-2.354113,0.284474,-2.610139,0.1,0.95,0.1538
2500,11,4,2,0,4,1,-1.0,5,2,0,5,move,-1.425382,3.690727,2.50619,3.931573,-1.032225,0.1,0.95,0.1538
2500,12,5,2,0,5,1,-1.0,6,2,0,0,move,3.690727,7.291522,5.926946,2.236219,3.914349,0.1,0.95,0.1538
2500,13,6,2,0,0,3,-1.0,6,3,0,1,move,7.291522,12.609105,10.97865,3.687128,7.660235,0.1,0.95,0.1538
2500,14,6,3,0,1,1,-1.0,7,3,0,2,move,12.609105,16.715375,14.879607,2.270501,12.836155,0.1,0.95,0.1538
2500,15,7,3,0,2,3,-1.0,7,4,0,3,move,16.715375,19.356561,17.388733,0.673358,16.782711,0.1,0.95,0.1538
2500,16,7,4,0,3,0,-1.0,6,4,0,4,move,3.13425,14.854786,13.112047,9.977796,4.13203,0.1,0.95,0.1538
2500,17,6,4,0,4,1,-1.0,6,5,0,5,move,14.854786,1.849443,0.756971,-14.097815,13.445004,0.1,0.95,0.1538
2500,18,6,5,0,5,2,-1.0,5,5,0,0,move,1.849443,-11.704478,-12.119254,-13.968697,0.452573,0.1,0.95,0.1538
2500,19,5,5,0,0,0,-6.0,5,5,0,1,wall_hit,-11.704478,-6.808657,-12.468224,-0.763746,-11.780853,0.1,0.95,0.1538
2500,20,5,5,0,1,1,-1.0,6,5,0,2,move,-6.808657,2.022289,0.921175,7.729832,-6.035674,0.1,0.95,0.1538
2500,21,6,5,0,2,2,-1.0,6,4,0,3,move,2.022289,11.686347,10.102029,8.07974,2.830263,0.1,0.95,0.1538
2500,22,6,4,0,3,1,-1.0,7,4,0,4,move,11.686347,21.732423,19.645802,7.959456,12.482292,0.1,0.95,0.1538
2500,23,7,4,0,4,1,-1.0,7,3,0,5,move,21.732423,19.945269,17.948006,-3.784418,21.353982,0.1,0.95,0.1538
2500,24,7,3,0,5,3,-1.0,8,3,0,0,move,19.945269,20.287217,18.272856,-1.672413,19.778028,0.1,0.95,0.1538
2500,25,8,3,0,0,3,-1.0,8,4,0,1,move,20.287217,29.385654,26.916372,6.629155,20.950132,0.1,0.95,0.1538
2500,26,8,4,0,1,1,-1.0,9,4,0,2,move,29.385654,34.265572,31.552293,2.166639,29.602318,0.1,0.95,0.1538
2500,27,9,4,0,2,1,-1.0,10,4,0,3,move,34.265572,41.25763,38.194749,3.929177,34.65849,0.1,0.95,0.1538
2500,28,10,4,0,3,3,-1.0,10,5,0,4,move,41.25763,46.197272,42.887408,1.629778,41.420608,0.1,0.95,0.1538
2500,29,10,5,0,4,1,-1.0,10,4,0,5,move,46.197272,43.776399,40.587579,-5.609693,45.636303,0.1,0.95,0.1538
2500,30,10,4,0,5,3,-1.0,10,5,0,0,move,43.776399,52.597504,48.967629,5.19123,44.295522,0.1,0.95,0.1538
2500,31,10,5,0,0,3,-1.0,10,6,0,1,move,29.034928,58.98266,55.033527,25.998599,31.634788,0.1,0.95,0.1538
2500,32,10,6,0,1,1,-1.0,11,6,0,2,move,58.98266,69.187298,64.727933,5.745273,59.557187,0.1,0.95,0.1538
2500,33,11,6,0,2,3,-1.0,11,7,0,3,move,69.187298,78.423942,73.502745,4.315447,69.618843,0.1,0.95,0.1538
2500,34,11,7,0,3,3,-1.0,11,8,0,4,move,78.423942,90.198387,84.688468,6.264526,79.050395,0.1,0.95,0.1538
2500,35,11,8,0,4,3,-1.0,11,9,0,5,move,90.198387,98.866754,92.923417,2.725029,90.47089,0.1,0.95,0.1538
2500,36,11,9,0,5,1,-1.0,11,8,0,0,move,98.866754,90.536915,85.010069,-13.856685,97.481086,0.1,0.95,0.1538
2500,37,11,8,0,0,3,-1.0,10,8,0,1,move,90.536915,67.739417,63.352446,-27.184468,87.818468,0.1,0.95,0.1538
2500,38,10,8,0,1,1,-1.0,11,8,0,2,move,67.739417,81.606604,76.526273,8.786856,68.618103,0.1,0.95,0.1538
2500,39,11,8,0,2,3,-1.0,11,9,0,3,move,81.606604,93.752706,88.06507,6.458467,82.25245,0.1,0.95,0.1538
2500,40,11,9,0,3,1,-1.0,11,8,0,4,move,93.752706,90.47089,84.947346,-8.80536,92.87217,0.1,0.95,0.1538
2500,41,11,8,0,4,3,-1.0,11,9,0,5,move,90.47089,97.481086,91.607032,1.136141,90.584505,0.1,0.95,0.1538
2500,42,11,9,0,5,1,-1.0,12,9,0,0,move,97.481086,107.818504,101.427578,3.946493,97.875735,0.1,0.95,0.1538
2500,43,12,9,0,0,3,49.0,12,10,1,1,key_pickup,107.818504,71.020676,116.469642,8.651139,108.683617,0.1,0.95,0.1538
2500,44,12,10,1,1,1,-1.0,13,10,1,2,move,71.020676,78.906615,73.961285,2.940609,71.314737,0.1,0.95,0.1538
2500,45,13,10,1,2,1,-1.0,14,10,1,3,move,78.906615,89.275696,83.811911,4.905296,79.397145,0.1,0.95,0.1538
2500,46,14,10,1,3,3,-1.0,14,11,1,4,move,89.275696,98.354723,92.436987,3.161291,89.591825,0.1,0.95,0.1538
2500,47,14,11,1,4,1,-1.0,15,11,1,5,move,98.354723,107.02788,100.676486,2.321763,98.586899,0.1,0.95,0.1538
2500,48,15,11,1,5,3,-1.0,15,12,1,0,move,107.02788,118.323171,111.407013,4.379132,107.465794,0.1,0.95,0.1538
2500,49,15,12,1,0,0,-1.0,14,12,1,1,move,118.323171,126.811191,119.470631,1.14746,118.437917,0.1,0.95,0.1538
2500,50,14,12,1,1,3,-1.0,14,13,1,2,door_pass,126.811191,143.807989,135.617589,8.806399,127.69183,0.1,0.95,0.1538
2500,51,14,13,1,2,3,-6.0,14,13,1,3,wall_hit,143.807989,143.619702,130.438717,-13.369272,142.471061,0.1,0.95,0.1538
2500,52,14,13,1,3,3,-1.0,14,14,1,4,move,143.619702,155.49054,146.716013,3.096311,143.929333,0.1,0.95,0.1538
2500,53,14,14,1,4,1,-1.0,15,14,1,5,move,155.49054,166.084021,156.77982,1.28928,155.619468,0.1,0.95,0.1538
2500,54,15,14,1,5,1,-6.0,15,14,1,0,wall_hit,166.084021,165.974337,151.67562,-14.408401,164.64318,0.1,0.95,0.1538
2500,55,15,14,1,0,3,-1.0,15,15,1,1,move,165.974337,179.875786,169.881996,3.90766,166.365103,0.1,0.95,0.1538
2500,56,15,15,1,1,1,-1.0,16,15,1,2,move,179.875786,190.767387,180.229017,0.353232,179.911109,0.1,0.95,0.1538
2500,57,16,15,1,2,3,199.0,16,16,1,3,goal_reached,190.767387,0.0,199.0,8.232613,191.590648,0.1,0.95,0.1538
